Date,Account,Description,Amount,Group,Tag
28/05/2014,"Classic","TESCO STORES 3474 CD 7511",-3.37,"Household","Supermarket"
28/05/2014,"Classic","TESCO STORES 3474 CD 7511",-7.82,"Household","Supermarket"
27/05/2014,"Classic","BARGAIN WORLD (HOX CD 7511",-8.99,"Household","Groceries"
27/05/2014,"Classic","LONDON OVERGROUND CD 7511",-5.00,"Transport","Public transport"
27/05/2014,"Classic","OYSTER BUS AUTOTOP CD 7511",-20.00,"Transport","Public transport"
27/05/2014,"Classic","PRET A MANGER CD 7511",-3.40,"Lifestyle","Snacks / Refreshments"
27/05/2014,"Classic","HOXTON GRILL CD 7511",-10.00,"Going Out","Dining and drinking"
27/05/2014,"Classic","ICELAND 550 CD 7511",-23.57,"Household","Groceries"
27/05/2014,"Classic","THE CAPITAL MARKET xxxxxxx xxxxxxxxxxxxxx0401",1894.26,"Employment","Salary (main)"
27/05/2014,"Classic","WHITE HART CD 7511",-8.20,"Lifestyle","Alcohol"
27/05/2014,"Classic","BAR & CO CD 7511",-10.00,"Going Out","Dining and drinking"
27/05/2014,"Classic","ICELAND 550 CD 7511",-26.55,"Household","Groceries"
27/05/2014,"Classic","WASABI CD 7511",-5.45,"Going Out","Dining and drinking"
23/05/2014,"Classic","LNK BARRYS FOOD AN CD 7511 23MAY14",-10.00,"Lifestyle","Cash"
23/05/2014,"Classic","LNK x6-78 GREAT EA CD 7511 23MAY14",-20.00,"Lifestyle","Cash"
23/05/2014,"Classic","TESCO STORES 5501 CD 7511",-14.55,"Household","Supermarket"
22/05/2014,"Classic","TESCO MOBILE 330013198456A-0025",-13.03,"Household","Mobile"
22/05/2014,"Classic","CO-OP GROUP xx0009 CD 7511",-4.09,"Household","Groceries"
20/05/2014,"Classic","SAINSBURYS S/MKTS CD 7511",-6.44,"Household","Supermarket"
20/05/2014,"Classic","ICELAND 550 CD 7511",-8.00,"Household","Groceries"
20/05/2014,"Classic","WWW.NETFLIX.COM CD 7511",-5.99,"Household","TV / Movies Package"
20/05/2014,"Lloyds Bank Duo Avios","PAYMENT RECEIVED - THANK YOU",24.05,"Untagged","Untagged"
20/05/2014,"WOOD C STU/2008","C WOOD , TRANSFER 2 NATWEST, FP 19/05/14 2335 , xxxxxxxxxxxxxxxx36 - BAC",10.00,"Untagged","Untagged"
19/05/2014,"Classic","CHARLES WOOD xxxxxxxxxxxxxx8236 19MAY14 23:35",-10.00,"Untagged","Untagged"
19/05/2014,"Classic","ALLYS GROCERIES CD 7511",-10.96,"Untagged","Untagged"
19/05/2014,"Classic","ICELAND 550 CD 7511",-17.42,"Household","Groceries"
19/05/2014,"Classic","ICELAND 550 CD 7511",-18.89,"Household","Groceries"
19/05/2014,"Classic","LNK BARRYS FOOD AN CD 7511 18MAY14",-20.00,"Lifestyle","Cash"
19/05/2014,"Classic","LTSB DUO xxxxxxxxxxxxxx6495 19MAY14 23:34",-24.05,"Untagged","Untagged"
19/05/2014,"Classic","RIBEIRA LONDON CD 7511",-13.50,"Untagged","Untagged"
19/05/2014,"Classic","HOWL AT THE MOON CD 7511",-12.00,"Untagged","Untagged"
19/05/2014,"Classic","THE MARQUESS CD 7511",-11.69,"Untagged","Untagged"
19/05/2014,"Classic","RED DOG AMERICAN S CD 7511",-19.65,"Going Out","Dining and drinking"
19/05/2014,"Classic","RED DOG SALOON CD 7511",-30.80,"Going Out","Dining and drinking"
16/05/2014,"Classic","LNK BARRYS FOOD AN CD 7511 16MAY14",-10.00,"Lifestyle","Cash"
16/05/2014,"Classic","POD CD 7511",-6.99,"Untagged","Untagged"
15/05/2014,"Classic","CO-OP GROUP FOOD CD 7511",-2.99,"Household","Groceries"
15/05/2014,"Classic","CORNEY & BARROW EX CD 7511",-10.00,"Untagged","Untagged"
15/05/2014,"Classic","WHITE HORSE CD 7511",-10.40,"Going Out","Dining and drinking"
14/05/2014,"Classic","ICELAND 550 CD 7511",-16.00,"Household","Groceries"
13/05/2014,"Classic","AJAX STATIONERS LT CD 7511",-6.33,"Untagged","Untagged"
13/05/2014,"Classic","CO-OP GROUP FOOD CD 7511",-5.34,"Household","Groceries"
13/05/2014,"Classic","ICELAND 550 CD 7511",-51.20,"Household","Groceries"
13/05/2014,"Classic","WWW.MOSS-EUROPE.CO CD 7511",-116.88,"Untagged","Untagged"
12/05/2014,"Classic","LNK BARRYS FOOD AN CD 7511 10MAY14",-20.00,"Lifestyle","Cash"
12/05/2014,"Classic","CAMDEN HEAD CD 7511",-4.15,"Untagged","Untagged"
12/05/2014,"Classic","CAMDEN HEAD CD 7511",-8.90,"Untagged","Untagged"
12/05/2014,"Classic","CUBA LIBRE CD 7511",-6.50,"Untagged","Untagged"
12/05/2014,"Classic","FIVE GUYS ISLINGTO CD 7511",-31.00,"Untagged","Untagged"
12/05/2014,"Classic","H&M CD 7511",-81.93,"Clothing","Clothes"
12/05/2014,"Classic","SAINSBURY'S S/MKT CD 7511",-15.38,"Household","Supermarket"
12/05/2014,"Classic","VIET GRILL CD 7511",-48.00,"Going Out","Dining and drinking"
12/05/2014,"Classic","WENLOCK & ESSEX CD 7511",-6.50,"Untagged","Untagged"
12/05/2014,"Classic","WENLOCK & ESSEX CD 7511",-8.20,"Untagged","Untagged"
09/05/2014,"Classic","SUPERDRUG STORES P CD 7511",-17.74,"Personal care","Toiletries"
07/05/2014,"Classic","TESCO STORES 2722 CD 7511",-17.54,"Household","Supermarket"
07/05/2014,"Classic","TESCO STORES-2097 CD 7511",-17.48,"Household","Supermarket"
07/05/2014,"Classic","ICELAND 550 CD 7511",-39.07,"Household","Groceries"
06/05/2014,"Classic","LNK BARRYS FOOD AN CD 7511 03MAY14",-10.00,"Lifestyle","Cash"
06/05/2014,"Classic","SBY SHOREDITCH CD 7511 04MAY14",-20.00,"Household","Supermarket"
06/05/2014,"Classic","DHAANYA LTD CD 7511",-23.00,"Untagged","Untagged"
06/05/2014,"Classic","DICKENS INN BAR CD 7511",-9.25,"Going Out","Dining and drinking"
06/05/2014,"Classic","DICKENS INN BAR CD 7511",-13.65,"Going Out","Dining and drinking"
06/05/2014,"Classic","ICELAND 550 CD 7511",-9.93,"Household","Groceries"
06/05/2014,"Classic","POD CD 7511",-7.49,"Untagged","Untagged"
06/05/2014,"Classic","RED DOG AMERICAN S CD 7511",-19.50,"Going Out","Dining and drinking"
02/05/2014,"Classic","CLUB LLOYDS FEE",-5.00,"Untagged","Untagged"
02/05/2014,"Classic","CLUB LLOYDS WAIVED",5.00,"Untagged","Untagged"
02/05/2014,"Classic","LENA CD 7511",-23.00,"Untagged","Untagged"
01/05/2014,"Classic","LNK BARRYS FOOD AN CD 7511 01MAY14",-10.00,"Lifestyle","Cash"
01/05/2014,"Classic","O/D USAGE FEE",-6.00,"Financial","Bank charges"
01/05/2014,"Classic","O/DRAFT INTEREST",-24.48,"Financial","Interest charges"
29/04/2014,"Classic","ICELAND 550 CD 7511",-7.90,"Household","Groceries"
29/04/2014,"Lloyds Bank Duo Avios","MEAT MISSION LONDON 826",-24.05,"Untagged","Untagged"
28/04/2014,"Classic","LNK PO 101 HOXTON CD 7511 27APR14",-20.00,"Lifestyle","Cash"
28/04/2014,"Classic","BARREL BOULANGERIE CD 7511",-7.10,"Untagged","Untagged"
28/04/2014,"Classic","ELECTRIC SHOWROOMS CD 7511",-16.50,"Untagged","Untagged"
28/04/2014,"Classic","MASQUE HAUNT CD 7511",-18.70,"Untagged","Untagged"
28/04/2014,"Classic","TESCO STORE 2671 CD 7511",-58.12,"Household","Supermarket"
28/04/2014,"Classic","THE CAPITAL MARKET xxxxxxx xxxxxxxxxxxxxx5801",1894.26,"Employment","Salary (main)"
28/04/2014,"Classic","VALI ESTATES LTD xxxxxxxxxxxxxx8768 28APR14 14:28",-760.00,"Household","Rent"
25/04/2014,"Classic","LNK PO 101 HOXTON CD 7511 25APR14",-10.00,"Lifestyle","Cash"
25/04/2014,"Classic","LNK PO 101 HOXTON CD 7511 25APR14",-10.00,"Lifestyle","Cash"
24/04/2014,"Classic","ICELAND 550 CD 7511",-14.00,"Household","Groceries"
23/04/2014,"Classic","ICELAND 550 CD 7511",-15.35,"Household","Groceries"
23/04/2014,"Classic","SELFSERVE TICKET CD 7511",-58.90,"Transport","Public transport"
22/04/2014,"Classic","CORNEY & BARROW EX CD 7511",-10.00,"Untagged","Untagged"
22/04/2014,"Classic","HFX SALISBURY CD 7511 19APR14",-20.00,"Lifestyle","Cash"
22/04/2014,"Classic","ICELAND 550 CD 7511",-23.75,"Household","Groceries"
22/04/2014,"Classic","LNK BARRYS FOOD AN CD 7511 18APR14",-10.00,"Lifestyle","Cash"
22/04/2014,"Classic","MARKET INN CD 7511",-20.00,"Going Out","Dining and drinking"
22/04/2014,"Classic","PICCOLINO CD 7511",-9.50,"Untagged","Untagged"
22/04/2014,"Classic","SAINSBURY'S S/MKT CD 7511",-31.49,"Household","Supermarket"
22/04/2014,"Classic","SHAKERS BAR & REST CD 7511",-6.25,"Going Out","Dining and drinking"
22/04/2014,"Classic","SIGNATURE HOSPITAL CD 7511",-9.80,"Untagged","Untagged"
22/04/2014,"Classic","SIGNATURE HOSPITAL CD 7511",-11.75,"Untagged","Untagged"
22/04/2014,"Classic","SIGNATURE HOSPITAL CD 7511",-17.90,"Untagged","Untagged"
22/04/2014,"Classic","TASTE THE WORLD CD 7511",-15.91,"Untagged","Untagged"
22/04/2014,"Classic","TESCO MOBILE 330013198456A-0024",-12.90,"Household","Mobile"
22/04/2014,"Classic","THE BREAKFAST CLUB CD 7511",-19.00,"Untagged","Untagged"
22/04/2014,"Classic","WWW.NETFLIX.COM CD 7511",-5.99,"Household","TV / Movies Package"
22/04/2014,"Classic","RED DOG SALOON CD 7511",-21.00,"Going Out","Dining and drinking"
17/04/2014,"Classic","ARGOS RETAIL GROUP CD 7511",-5.49,"Untagged","Untagged"
17/04/2014,"Classic","LNK BARRYS FOOD AN CD 7511 17APR14",-20.00,"Lifestyle","Cash"
17/04/2014,"Classic","SAINSBURYS S/MKTS CD 7511",-7.70,"Household","Supermarket"
17/04/2014,"Classic","SBY SHOREDITCH CD 7511 17APR14",-10.00,"Household","Supermarket"
16/04/2014,"Classic","WWW.MYPROTEIN.COM CD 7511",-51.86,"Personal care","Personal Care - Other"
15/04/2014,"Classic","ICELAND 550 CD 7511",-29.47,"Household","Groceries"
14/04/2014,"Classic","BARCELONA TAPAS CD 7511",-66.38,"Untagged","Untagged"
14/04/2014,"Classic","FITNESS FIRST NIDO CD 7511",-10.00,"Hobbies & Sports","Gym Membership"
14/04/2014,"Classic","SAINSBURYS S/MKTS CD 7511",-34.55,"Household","Supermarket"
14/04/2014,"Classic","SAINSBURYS xx0000 CD 7511",-20.11,"Household","Supermarket"
14/04/2014,"Classic","SEARCYS CD 7511",-9.85,"Untagged","Untagged"
11/04/2014,"Classic","PRET A MANGER CD 7511",-1.60,"Lifestyle","Snacks / Refreshments"
11/04/2014,"Classic","SALAD EXPRESS LIMI CD 7511",-17.85,"Untagged","Untagged"
10/04/2014,"Classic","BEST AMERICAN PIZZ CD 7511",-13.99,"Untagged","Untagged"
10/04/2014,"Classic","CASTLE CD 7511",-5.85,"Untagged","Untagged"
10/04/2014,"Classic","CASTLE CD 7511",-7.95,"Untagged","Untagged"
10/04/2014,"Classic","SALAD EXPRESS LIMI CD 7511",-5.95,"Untagged","Untagged"
09/04/2014,"Classic","MCDONALDS CD 7511",-4.48,"Going Out","Dining and drinking"
08/04/2014,"Classic","BOUNDARY AND ALBIO CD 7511",-65.00,"Untagged","Untagged"
08/04/2014,"Classic","CO-OP GROUP FOOD CD 7511",-14.86,"Household","Groceries"
08/04/2014,"Classic","MOORFIELDS PHARMAC CD 7511",-20.80,"Untagged","Untagged"
07/04/2014,"Classic","LNK TESCO SGAT R L CD 7511 05APR14",-30.00,"Lifestyle","Cash"
07/04/2014,"Classic","BEACH BLANKET CD 7511",-22.55,"Untagged","Untagged"
07/04/2014,"Classic","CORNEY & BARROW EX CD 7511",-15.00,"Untagged","Untagged"
07/04/2014,"Classic","DAVYS EXCHANGE SQU CD 7511",-37.33,"Untagged","Untagged"
07/04/2014,"Classic","PAYPAL *2PLUS1 CD 7511",-12.81,"Untagged","Untagged"
07/04/2014,"Classic","ICELAND 550 CD 7511",-21.03,"Household","Groceries"
07/04/2014,"Classic","ZOU ZOU CAFE CD 7511",-22.00,"Lifestyle","Snacks / Refreshments"
04/04/2014,"Classic","DAVYS EXCHANGE SQU CD 7511",-9.55,"Untagged","Untagged"
04/04/2014,"Classic","OYSTER AUTOTOPUP CD 7511",-20.00,"Transport","Public transport"
04/04/2014,"Classic","LNK BARRYS FOOD AN CD 7511 04APR14",-20.00,"Lifestyle","Cash"
03/04/2014,"Classic","100 HOXTON CD 7511",-24.20,"Untagged","Untagged"
01/04/2014,"Classic","ICELAND 550 CD 7511",-32.79,"Household","Groceries"
01/04/2014,"Classic","O/DRAFT INTEREST",-25.13,"Financial","Interest charges"
01/04/2014,"Classic","O/D USAGE FEE",-6.00,"Financial","Bank charges"
01/04/2014,"Lloyds Bank Duo Avios","PAYMENT RECEIVED-THANK YOU",158.37,"Transfer from other account","Credit card payment"
31/03/2014,"Classic","CHARLES WOOD xxxxxxxxxxxxxx0788 31MAR14 18:12",-100.00,"Untagged","Untagged"
31/03/2014,"Classic","LLOYDS BANK DUO AV xxxxxxxxxxxxxx0506 31MAR14 18:09",-158.37,"Untagged","Untagged"
31/03/2014,"Classic","VALI ESTATES LTD xxxxxxxxxxxxxx0653 31MAR14 18:10",-760.00,"Untagged","Untagged"
31/03/2014,"Classic","SALAD EXPRESS LIMI CD 7511",-5.95,"Untagged","Untagged"
31/03/2014,"Classic","SELFSERVE TICKET CD 7511",-47.20,"Transport","Public transport"
31/03/2014,"Classic","THE MAILMANS ARMS CD 7511",-99.35,"Going Out","Dining and drinking"
31/03/2014,"Classic","WAGAMAMA CD 7511",-45.15,"Going Out","Dining and drinking"
31/03/2014,"Classic","INTERFLORA BRITISH CD 7511",-42.98,"Gifts, Charity & Religion","Flowers"
31/03/2014,"Classic","INTERFLORA BRITISH CD 7511",-50.98,"Gifts, Charity & Religion","Flowers"
31/03/2014,"WOOD C STU/2008","C WOOD , TRANSFER 2 NATWEST, FP 31/03/14 1812 , xxxxxxxxxxxxxxxx88-BAC",100.00,"Untagged","Untagged"
28/03/2014,"Classic","100 HOXTON CD 7511",-17.40,"Untagged","Untagged"
28/03/2014,"Classic","ICELAND 550 CD 7511",-19.00,"Household","Groceries"
28/03/2014,"Classic","LNK SPAR-LYNDHUR CD 7511 28MAR14 ATM OWNER FEE 1.60",-21.60,"Lifestyle","Cash"
27/03/2014,"Classic","ICELAND 550 CD 7511",-26.39,"Household","Groceries"
26/03/2014,"Lloyds Bank Duo Avios","WHITE HART BARNES LONDON 826",-36.59,"Untagged","Untagged"
26/03/2014,"Lloyds Bank Duo Avios","GREATER ANGLIA T/O LONDON EC2M GBR",-20.00,"Transport","Public transport"
26/03/2014,"Lloyds Bank Duo Avios","SACAT MARKS & SPENCER LONDON GBR",-2.40,"Household","Groceries"
26/03/2014,"Classic","THE CAPITAL MARKET xxxxxxx xxxxxxxxxxxxxx3501",2000,"Employment","Salary (main)"
26/03/2014,"Classic","THE CAPITAL MARKET xxxxxxx xxxxxxxxxxxxxx3501",1536.01,"Untagged","Untagged"
25/03/2014,"Lloyds Bank Duo Avios","SAINSBURYS SACAT (4990 SHOREDITCH GBR",-20.04,"Household","Supermarket"
25/03/2014,"Lloyds Bank Duo Avios","ICELAND 550 LONDON GBR",-24.10,"Household","Groceries"
24/03/2014,"Classic","PICCOLINO CD 7511",-29.75,"Untagged","Untagged"
24/03/2014,"Classic","PICCOLINO CD 7511",-39.45,"Untagged","Untagged"
24/03/2014,"Classic","H&M CD 7511",-38.98,"Clothing","Clothes"
24/03/2014,"Classic","TESCO MOBILE 330013198456A-0023",-15.20,"Household","Mobile"
24/03/2014,"Classic","ICELAND 550 CD 7511",-19.08,"Household","Groceries"
24/03/2014,"Lloyds Bank Duo Avios","THE HALFWAY HOUSE LONDON SW14 GBR",-13.75,"Untagged","Untagged"
24/03/2014,"Lloyds Bank Duo Avios","SELFSERVE TICKET SWTRAINS WATE GBR",-16.80,"Transport","Public transport"
24/03/2014,"Lloyds Bank Duo Avios","KFC STRATFORD WESTFIEL WESTFIELD STR GBR",-9.91,"Going Out","Dining and drinking"
24/03/2014,"Lloyds Bank Duo Avios","H&M STRATFORD GBR",-3.98,"Clothing","Clothes"
24/03/2014,"Lloyds Bank Duo Avios","BULLS HEAD BARNES GBR",-5.55,"Untagged","Untagged"
24/03/2014,"Lloyds Bank Duo Avios","SAINSBURYS SACAT(4818) BARNES GBR",-5.25,"Household","Supermarket"
21/03/2014,"Classic","NETFLIX.COM CD 7511",-5.99,"Household","TV / Movies Package"
20/03/2014,"Classic","SAINSBURYS S/MKTS CD 7511",-11.75,"Household","Supermarket"
20/03/2014,"Classic","OYSTER BUS AUTOTOP CD 7511",-20.00,"Transport","Public transport"
19/03/2014,"Classic","ICELAND 550 CD 7511",-3.35,"Household","Groceries"
18/03/2014,"Classic","THE TOWN OF RAMSGA CD 7511",-6.40,"Untagged","Untagged"
18/03/2014,"Classic","THE TOWN OF RAMSGA CD 7511",-16.50,"Untagged","Untagged"
18/03/2014,"Classic","TESCO STORES 5501 CD 7511",-4.74,"Household","Supermarket"
17/03/2014,"Classic","SBY SHOREDITCH CD 7511 15MAR14",-20.00,"Household","Supermarket"
17/03/2014,"Classic","LNK PARAMOUNT DESI CD 7511 15MAR14",-10.00,"Lifestyle","Cash"
17/03/2014,"Classic","ROSEMARY BRANCH CD 7511",-8.40,"Untagged","Untagged"
17/03/2014,"Classic","THE FOUR SISTERS CD 7511",-26.00,"Untagged","Untagged"
17/03/2014,"Classic","THE TAPROOM CD 7511",-17.50,"Untagged","Untagged"
17/03/2014,"Classic","THE TAPROOM CD 7511",-20.75,"Untagged","Untagged"
17/03/2014,"Classic","THE TAPROOM CD 7511",-23.20,"Untagged","Untagged"
17/03/2014,"Classic","SAINSBURYS S/MKTS CD 7511",-9.70,"Household","Supermarket"
17/03/2014,"Classic","SAINSBURYS S/MKTS CD 7511",-12.49,"Household","Supermarket"
17/03/2014,"Classic","TK MAXX CD 7511",-48.98,"Clothing","Clothes"
17/03/2014,"Classic","MARQUESS TAVERN CD 7511",-19.33,"Going Out","Dining and drinking"
17/03/2014,"Classic","ICELAND 550 CD 7511",-68.05,"Household","Groceries"
17/03/2014,"Classic","MARKS & SPENCER SS CD 7511",-3.84,"Household","Groceries"
17/03/2014,"Classic","TFL CYCLE HIRE CD 7511",-2.00,"Hobbies & Sports","Cycling"
14/03/2014,"Classic","OYSTER BUS AUTOTOP CD 7511",-20.00,"Transport","Public transport"
13/03/2014,"Classic","LONGDAN CD 7511",-10.22,"Untagged","Untagged"
11/03/2014,"Classic","TESCO STORES 2722 CD 7511",-3.33,"Household","Supermarket"
11/03/2014,"Classic","SALAD EXPRESS LIMI CD 7511",-5.95,"Untagged","Untagged"
10/03/2014,"Classic","BARRYS CD 7511",-14.08,"Untagged","Untagged"
10/03/2014,"Classic","FIVE GUYS ISLINGTO CD 7511",-28.00,"Untagged","Untagged"
10/03/2014,"Classic","THE GINGER CD 7511",-25.50,"Untagged","Untagged"
10/03/2014,"Classic","THE WINDSOR CASTLE CD 7511",-8.90,"Untagged","Untagged"
10/03/2014,"Classic","LNK BARRYS FOOD AN CD 7511 08MAR14",-10.00,"Lifestyle","Cash"
10/03/2014,"Classic","GREATER ANGLIA CD 7511",-16.50,"Transport","Public transport"
10/03/2014,"Classic","LUL TICKET MACHINE CD 7511",-10.00,"Transport","Public transport"
10/03/2014,"Classic","BAR SOHO CD 7511",-30.50,"Going Out","Dining and drinking"
10/03/2014,"Classic","GARDEN BAR CD 7511",-20.15,"Going Out","Dining and drinking"
10/03/2014,"Classic","WAGAMAMA CLINIC ST CD 7511",-52.00,"Going Out","Dining and drinking"
10/03/2014,"Classic","ICELAND 550 CD 7511",-62.93,"Household","Groceries"
10/03/2014,"Classic","TFL CYCLE HIRE CD 7511",-2.00,"Hobbies & Sports","Cycling"
07/03/2014,"Classic","AmazonLocal CD 7511",-8.00,"Untagged","Untagged"
07/03/2014,"Classic","SALAD EXPRESS LIMI CD 7511",-5.95,"Untagged","Untagged"
07/03/2014,"Classic","WESTWAY SPORTS CTR CD 7511",-10.00,"Untagged","Untagged"
06/03/2014,"Classic","FIVE GUYS ISLINGTO CD 7511",-16.25,"Untagged","Untagged"
04/03/2014,"Classic","MORRISONS PETROL CD 7511",-27.21,"Transport","Fuel"
04/03/2014,"Classic","TESCO PFS 2213 CD 7511",-50.00,"Transport","Fuel"
04/03/2014,"Classic","WELCOME BREAK EAT CD 7511",-12.83,"Going Out","Hotel/B&B"
03/03/2014,"Classic","LNK BARRYS FOOD AN CD 7511 03MAR14",-10.00,"Lifestyle","Cash"
03/03/2014,"Classic","LNK BARRYS FOOD AN CD 7511 03MAR14",-10.00,"Lifestyle","Cash"
03/03/2014,"Classic","HOXTON GRILL CD 7511",-22.00,"Going Out","Dining and drinking"
03/03/2014,"Classic","O/DRAFT INTEREST",-28.52,"Financial","Interest charges"
03/03/2014,"Classic","WWW.MYPROTEIN.COM CD 7511",-55.42,"Personal care","Personal Care - Other"
03/03/2014,"Classic","O/D USAGE FEE",-6.00,"Financial","Bank charges"
28/02/2014,"Classic","CHARLES WOOD xxxxxxxxxxxxxx2586 28FEB14 16:29",-20.00,"Untagged","Untagged"
28/02/2014,"Classic","VALI ESTATES LTD xxxxxxxxxxxxxx6671 28FEB14 16:28",-760.00,"Untagged","Untagged"
28/02/2014,"WOOD C STU/2008","C WOOD , TRANSFER 2 NATWEST, FP 28/02/14 1629 , xxxxxxxxxxxxxxxx86 - BAC",20.00,"Untagged","Untagged"
27/02/2014,"Classic","H & H VAN HIRE LTD CD 7511",-162.60,"Untagged","Untagged"
27/02/2014,"Classic","ICELAND 550 CD 7511",-5.68,"Household","Groceries"
25/02/2014,"Classic","SALAD EXPRESS LIMI CD 7511",-6.40,"Untagged","Untagged"
25/02/2014,"Classic","THE CAPITAL MARKET xxxxxxx xxxxxxxxxxxxxx2301",1860.36,"Untagged","Untagged"
25/02/2014,"Classic","THE WINCHESTER CD 7511",-28.01,"Untagged","Untagged"
24/02/2014,"Classic","BUGGSI SUPERMARKET CD 7511",-5.38,"Untagged","Untagged"
24/02/2014,"Classic","WESTWAY SPORTS CTR CD 7511",-15.00,"Untagged","Untagged"
24/02/2014,"Classic","TESCO MOBILE 330013198456A-0022",-13.01,"Household","Mobile"
24/02/2014,"Classic","ICELAND 550 CD 7511",-38.08,"Household","Groceries"
24/02/2014,"Classic","LNK BARRYS FOOD AN CD 7511 24FEB14",-10.00,"Lifestyle","Cash"
21/02/2014,"Classic","SALAD EXPRESS LIMI CD 7511",-5.95,"Untagged","Untagged"
20/02/2014,"Classic","SAINSBURYS S/MKTS CD 7511",-12.60,"Household","Supermarket"
20/02/2014,"Classic","WWW.NETFLIX.COM CD 7511",-5.99,"Household","TV / Movies Package"
19/02/2014,"Classic","HOXTON SHOE REPAIR CD 7511",-38.50,"Clothing","Shoes"
18/02/2014,"Classic","TESCO STORES-2097 CD 7511",-19.59,"Household","Supermarket"
17/02/2014,"Classic","HOWL AT THE MOON CD 7511",-14.40,"Untagged","Untagged"
17/02/2014,"Classic","LLOYDS BANK DUO AV xxxxxxxxxxxxxx1468 16FEB14 17:06",-146.10,"Credit Repayment","Credit card repayment"
17/02/2014,"Classic","PAYPAL *THE VINTAG CD 7511",-48.45,"Untagged","Untagged"
17/02/2014,"Classic","TK MAXX CD 7511",-12.98,"Clothing","Clothes"
17/02/2014,"Classic","LNK BARRYS FOOD AN CD 7511 16FEB14",-20.00,"Lifestyle","Cash"
17/02/2014,"Classic","IKEA CD 7511",-12.00,"Home and Garden","Furniture"
17/02/2014,"Classic","IKEA CD 7511",-51.40,"Home and Garden","Furniture"
17/02/2014,"Classic","LONDON OVERGROUND CD 7511",-10.00,"Transport","Public transport"
17/02/2014,"Classic","ICELAND 550 CD 7511",-26.05,"Household","Groceries"
17/02/2014,"Lloyds Bank Duo Avios","PAYMENT RECEIVED - THANK YOU",146.10,"Transfer from other account","Credit card payment"
14/02/2014,"Classic","SALAD EXPRESS LIMI CD 7511",-5.95,"Untagged","Untagged"
12/02/2014,"Classic","DUCK & WAFFLE CD 7511",-77.07,"Untagged","Untagged"
11/02/2014,"Classic","Amazon *Mktplce EU CD 7511",-15.32,"Untagged","Untagged"
10/02/2014,"Classic","POLSMAK LTD CD 7511",-39.44,"Untagged","Untagged"
10/02/2014,"Classic","ICELAND 550 CD 7511",-34.90,"Household","Groceries"
07/02/2014,"Classic","HOXTON GRILL CD 7511",-12.00,"Going Out","Dining and drinking"
07/02/2014,"Classic","HOXTON GRILL CD 7511",-18.50,"Going Out","Dining and drinking"
07/02/2014,"Classic","BOOTS,0803 CD 7511",-65.41,"Personal care","Toiletries"
06/02/2014,"Classic","TESCO STORES 5501 CD 7511",-13.00,"Household","Supermarket"
06/02/2014,"Classic","PIZZA EXPRESS CD 7511",-22.40,"Going Out","Dining and drinking"
05/02/2014,"Classic","TESCO STORES 6150 CD 7511",-11.39,"Household","Supermarket"
05/02/2014,"Classic","ROSEMARY BRANCH CD 7511",-8.30,"Untagged","Untagged"
04/02/2014,"Classic","MOORFIELDS PHARMAC CD 7511",-7.85,"Untagged","Untagged"
04/02/2014,"Classic","TESCO STORE 3190 CD 7511",-24.69,"Household","Supermarket"
04/02/2014,"Classic","TESCO STORE 3190 CD 7511",-28.14,"Household","Supermarket"
04/02/2014,"Classic","JOHN LEWIS CD 7511",-8.50,"Home and Garden","Home and garden - other"
03/02/2014,"Classic","VALI ESTATES LTD xxxxxxxxxxxxxx6663 02FEB14 11:59",-760.00,"Untagged","Untagged"
03/02/2014,"Classic","LOYD LYNDHURST CD 7511 02FEB14",-20.00,"Lifestyle","Cash"
03/02/2014,"Classic","SELFSERVE TICKET CD 7511",-31.15,"Transport","Public transport"
03/02/2014,"Classic","O/DRAFT INTEREST",-18.62,"Financial","Interest charges"
03/02/2014,"Classic","O/D USAGE FEE",-6.00,"Financial","Bank charges"
31/01/2014,"Classic","Amazon EU CD 7511",-31.07,"Untagged","Untagged"
31/01/2014,"Classic","SAINSBURYS S/MKTS CD 7511",-8.63,"Household","Supermarket"
31/01/2014,"Classic","LOYD LYNDHURST CD 7511 31JAN14",-20.00,"Lifestyle","Cash"
30/01/2014,"Classic","LNK BARRYS FOOD AN CD 7511 30JAN14",-20.00,"Lifestyle","Cash"
30/01/2014,"Lloyds Bank Duo Avios","SAINSBURY'S SUPERMARKE LONDON 826",-29.38,"Household","Supermarket"
29/01/2014,"Lloyds Bank Duo Avios","HOXTON GRILL LONDON 826",-23.50,"Going Out","Dining and drinking"
28/01/2014,"Lloyds Bank Duo Avios","CO-OP GREAT EASTERN ST SHOREDITCH 826",-2.49,"Household","Groceries"
28/01/2014,"Lloyds Bank Duo Avios","ICELAND - HOXTON-SHORE LONDON 826",-37.75,"Household","Groceries"
27/01/2014,"Classic","THE CAPITAL MARKET xxxxxxx xxxxxxxxxxxxxx0401",1860.36,"Untagged","Untagged"
27/01/2014,"Lloyds Bank Duo Avios","SAINSBURY'S SUPERMARKE LONDON 826",-8.90,"Household","Supermarket"
27/01/2014,"Lloyds Bank Duo Avios","ICELAND 550 LONDON GBR",-44.08,"Household","Groceries"
27/01/2014,"WOOD C STU/2008","SAINSBURYS 25JAN - ATM",-20.00,"Lifestyle","Cash"
24/01/2014,"WOOD C STU/2008","3655 23JAN14 , SAINSBURYS S/MKTS , SHOREDITCH OL GB - POS",-10.99,"Household","Supermarket"
23/01/2014,"Classic","Amazon EU CD 7511",-7.49,"Untagged","Untagged"
22/01/2014,"Classic","TESCO STORES 6150 CD 7511",-7.18,"Household","Supermarket"
22/01/2014,"Classic","TESCO MOBILE 330013198456A-0021",-12.50,"Household","Mobile"
22/01/2014,"Classic","OYSTER BUS AUTOTOP CD 7511",-20.00,"Transport","Public transport"
21/01/2014,"Classic","ICELAND 550 CD 7511",-25.00,"Household","Groceries"
20/01/2014,"Classic","THE RIVERFRONT CD 7511",-48.99,"Going Out","Dining and drinking"
20/01/2014,"Classic","SAINSBURYS S/MKTS CD 7511",-2.15,"Household","Supermarket"
20/01/2014,"Classic","HOXTON GRILL CD 7511",-32.50,"Going Out","Dining and drinking"
20/01/2014,"Classic","ICELAND 550 CD 7511",-37.40,"Household","Groceries"
20/01/2014,"Classic","GOOGLE *yazeed has CD 7511",-2.00,"Lifestyle","Mobile app"
20/01/2014,"Classic","FINSTEAD PHARMACY CD 7511",-8.48,"Personal care","Toiletries"
17/01/2014,"Classic","SUBWAY CD 7511",-3.59,"Lifestyle","Snacks / Refreshments"
17/01/2014,"Classic","LNK BARRYS FOOD AN CD 7511 17JAN14",-20.00,"Lifestyle","Cash"
17/01/2014,"Classic","WWW.MYPROTEIN.COM CD 7511",-15.47,"Personal care","Personal Care - Other"
16/01/2014,"Classic","CHICO BANDITO CD 7511",-18.00,"Going Out","Dining and drinking"
16/01/2014,"Classic","SAINSBURYS S/MKTS CD 7511",-11.90,"Household","Supermarket"
16/01/2014,"Classic","WWW.MYPROTEIN.COM CD 7511",-24.98,"Personal care","Personal Care - Other"
15/01/2014,"Classic","WHITE HORSE CD 7511",-3.85,"Going Out","Dining and drinking"
15/01/2014,"Classic","WHITE HORSE CD 7511",-8.00,"Going Out","Dining and drinking"
15/01/2014,"Classic","GOURMET BURGER KIT CD 7511",-12.40,"Going Out","Dining and drinking"
14/01/2014,"Classic","SAINSBURYS S/MKTS CD 7511",-10.67,"Household","Supermarket"
14/01/2014,"Classic","BOOTS,0803 CD 7511",-29.35,"Personal care","Toiletries"
13/01/2014,"Classic","LNK BARRYS FOOD AN CD 7511 11JAN14",-20.00,"Lifestyle","Cash"
13/01/2014,"Classic","ICELAND 550 CD 7511",-42.12,"Household","Groceries"
13/01/2014,"Classic","SBY SHOREDITCH CD 7511 12JAN14",-10.00,"Household","Supermarket"
13/01/2014,"Classic","SAINSBURYS S/MKTS CD 7511",-15.00,"Household","Supermarket"
13/01/2014,"Classic","WHITE HORSE CD 7511",-24.75,"Going Out","Dining and drinking"
13/01/2014,"Classic","Amazon EU CD 7511",-11.95,"Untagged","Untagged"
10/01/2014,"Classic","ICELAND 550 CD 7511",-15.75,"Household","Groceries"
10/01/2014,"Classic","LNK PO 101 HOXTON CD 7511 10JAN14",-20.00,"Lifestyle","Cash"
10/01/2014,"Classic","Amazon *Mktplce EU CD 7511",-12.94,"Untagged","Untagged"
09/01/2014,"Classic","SAINSBURYS S/MKTS CD 7511",-12.45,"Household","Supermarket"
09/01/2014,"Classic","BARRYS CD 7511",-9.09,"Untagged","Untagged"
08/01/2014,"Classic","SAINSBURYS S/MKTS CD 7511",-16.21,"Household","Supermarket"
08/01/2014,"Classic","LNK BARRYS FOOD AN CD 7511 08JAN14",-10.00,"Lifestyle","Cash"
07/01/2014,"Classic","SAINSBURYS S/MKTS CD 7511",-0.55,"Household","Supermarket"
07/01/2014,"Classic","MCDONALDS CD 7511",-7.28,"Going Out","Dining and drinking"
07/01/2014,"Classic","SAINSBURYS S/MKTS CD 7511",-11.95,"Household","Supermarket"
07/01/2014,"Classic","SAINSBURYS S/MKTS CD 7511",-3.88,"Household","Supermarket"
06/01/2014,"Classic","LNK SOHO SQUARE 2 CD 7511 04JAN14",-40.00,"Lifestyle","Cash"
06/01/2014,"Classic","LNK BARRYS FOOD AN CD 7511 04JAN14",-20.00,"Lifestyle","Cash"
06/01/2014,"Classic","TESCO STORES 6150 CD 7511",-3.47,"Household","Supermarket"
06/01/2014,"Classic","TINDERBOX CD 7511",-10.05,"Untagged","Untagged"
06/01/2014,"Classic","SAINSBURYS S/MKTS CD 7511",-2.39,"Household","Supermarket"
06/01/2014,"Classic","SOUL BARS NO 2 CD 7511",-20.40,"Untagged","Untagged"
06/01/2014,"Classic","GOOGLE *LWI CD 7511",-0.79,"Lifestyle","Mobile app"
06/01/2014,"Classic","GRILLSHACK CD 7511",-30.85,"Untagged","Untagged"
06/01/2014,"Classic","BOARDWALK LTD CD 7511",-105.00,"Untagged","Untagged"
06/01/2014,"Classic","GRILLSHACK CD 7511",-11.00,"Untagged","Untagged"
06/01/2014,"Classic","GRILLSHACK CD 7511",-3.50,"Untagged","Untagged"
06/01/2014,"Classic","GRILLSHACK CD 7511",-22.00,"Untagged","Untagged"
03/01/2014,"Classic","BOOTS,0803 CD 7511",-30.89,"Personal care","Toiletries"
03/01/2014,"Classic","ICELAND 550 CD 7511",-48.65,"Household","Groceries"
02/01/2014,"Classic","O/D USAGE FEE",-6.00,"Financial","Bank charges"
02/01/2014,"Classic","PIZZA EXPRESS CD 7511",-46.95,"Going Out","Dining and drinking"
02/01/2014,"Classic","O/DRAFT INTEREST",-6.35,"Financial","Interest charges"
30/12/2013,"Classic","Amazon Digital Dwn CD 7511",-1.99,"Lifestyle","Lifestyle - other"
30/12/2013,"Classic","ARGOS LTD CD 7511",-123.99,"Untagged","Untagged"
27/12/2013,"Classic","VALI ESTATES LTD xxxxxxxxxxxxxx0712 26DEC13 11:37",-760.00,"Untagged","Untagged"
27/12/2013,"Classic","CHARLES WOOD xxxxxxxxxxxxxx0230 26DEC13 11:35",-200.00,"Untagged","Untagged"
27/12/2013,"Classic","THE BODY SHOP CD 7511",-12.50,"Personal care","Toiletries"
24/12/2013,"Classic","PRET A MANGER CD 7511",-13.64,"Lifestyle","Snacks / Refreshments"
24/12/2013,"Classic","DIXONS TRAVEL CD 7511",-35.00,"Untagged","Untagged"
24/12/2013,"Classic","Amazon Digital Dwn CD 7511",-1.99,"Lifestyle","Lifestyle - other"
24/12/2013,"Classic","TIFFANY & CO CD 7511",-180.00,"Untagged","Untagged"
24/12/2013,"Classic","TICKETOFFICESALE CD 7511",-18.30,"Transport","Public transport"
23/12/2013,"Classic","SAINSBURYS S/MKTS CD 7511",-36.70,"Household","Supermarket"
23/12/2013,"Classic","MARKS & SPENCER SS CD 7511",-13.27,"Household","Groceries"
23/12/2013,"Classic","Photobox Limited CD 7511",-134.98,"Hobbies & Sports","Photography"
23/12/2013,"Classic","ARGOS LTD CD 7511",-24.99,"Untagged","Untagged"
23/12/2013,"Classic","TESCO MOBILE 330013198456A-0020",-12.50,"Household","Mobile"
23/12/2013,"Classic","LNK SALISBURY 2 CD 7511 22DEC13",-25.00,"Lifestyle","Cash"
23/12/2013,"Classic","BOOTS,0803 CD 7511",-8.62,"Personal care","Toiletries"
23/12/2013,"Classic","THE CAPITAL MARKET xxxxxxxxxxxxxxxx xxxxxxxxxxxxxx7101",1860.36,"Untagged","Untagged"
23/12/2013,"Classic","LNK BARRYS FOOD AN CD 7511 23DEC13",-10.00,"Lifestyle","Cash"
20/12/2013,"Classic","FINSTEAD PHARMACY CD 7511",-12.93,"Personal care","Toiletries"
20/12/2013,"Classic","Amazon *Mktplce EU CD 7511",-28.56,"Untagged","Untagged"
20/12/2013,"Classic","TK MAXX CD 7511",-14.99,"Clothing","Clothes"
20/12/2013,"Classic","HOWL AT THE MOON CD 7511",-27.86,"Untagged","Untagged"
20/12/2013,"Classic","MARKS & SPENCER SS CD 7511",-5.88,"Household","Groceries"
20/12/2013,"Classic","SALAD EXPRESS LIMI CD 7511",-5.75,"Untagged","Untagged"
19/12/2013,"Classic","SALAD EXPRESS LIMI CD 7511",-5.75,"Untagged","Untagged"
19/12/2013,"Classic","LNK SPITALFIELDS M CD 7511 19DEC13",-20.00,"Lifestyle","Cash"
19/12/2013,"Classic","BEARD TO TAIL CD 7511",-10.36,"Untagged","Untagged"
18/12/2013,"Classic","VITAL INGREDIENT CD 7511",-9.60,"Going Out","Dining and drinking"
18/12/2013,"Classic","Amazon *Mktplce EU CD 7511",-124.43,"Untagged","Untagged"
18/12/2013,"Classic","MARKS & SPENCER SS CD 7511",-7.00,"Household","Groceries"
18/12/2013,"Classic","RAIL GOURMET UK CD 7511",-5.70,"Untagged","Untagged"
17/12/2013,"Classic","A CLARK HAPPY CHRISTMAS",50.00,"Untagged","Untagged"
17/12/2013,"Classic","LNK PO 101 HOXTON CD 7511 17DEC13",-20.00,"Lifestyle","Cash"
17/12/2013,"Classic","SALAD EXPRESS LIMI CD 7511",-6.75,"Untagged","Untagged"
17/12/2013,"Classic","MOORFIELDS PHARMAC CD 7511",-23.55,"Untagged","Untagged"
16/12/2013,"Classic","OYSTER AUTOTOPUP CD 7511",-20.00,"Transport","Public transport"
16/12/2013,"Classic","SELFSERVE TICKET CD 7511",-45.80,"Transport","Public transport"
16/12/2013,"Classic","ICELAND 550 CD 7511",-32.78,"Household","Groceries"
16/12/2013,"Classic","SALAD EXPRESS LIMI CD 7511",-5.75,"Untagged","Untagged"
16/12/2013,"Classic","THE MAILMANS ARMS CD 7511",-13.40,"Going Out","Dining and drinking"
16/12/2013,"Classic","CABIN CD 7511",-6.25,"Untagged","Untagged"
16/12/2013,"Classic","LOYD LYNDHURST CD 7511 14DEC13",-30.00,"Untagged","Untagged"
13/12/2013,"Classic","LNK BARRYS FOOD AN CD 7511 13DEC13",-20.00,"Lifestyle","Cash"
13/12/2013,"Classic","TOSSED CD 7511",-6.95,"Untagged","Untagged"
13/12/2013,"Classic","SAINSBURYS S/MKTS CD 7511",-7.20,"Household","Supermarket"
12/12/2013,"Classic","SAINSBURYS S/MKTS CD 7511",-20.76,"Household","Supermarket"
12/12/2013,"Classic","SALAD EXPRESS LIMI CD 7511",-7.75,"Untagged","Untagged"
11/12/2013,"Classic","FITNESS FIRST CLUB",45.95,"Untagged","Untagged"
11/12/2013,"Classic","ICELAND 550 CD 7511",-6.85,"Household","Groceries"
10/12/2013,"Classic","LTSB DUO xxxxxxxxxxxxxx1613 10DEC13 10:34",-1.00,"Credit Repayment","Credit card repayment"
10/12/2013,"Classic","LNK BARRYS FOOD AN CD 7511 10DEC13",-10.00,"Lifestyle","Cash"
10/12/2013,"Classic","TESCO STORES 6248 CD 7511",-3.41,"Household","Supermarket"
10/12/2013,"Classic","TESCO STORE2097 CD 7511",-27.45,"Household","Supermarket"
10/12/2013,"Lloyds Bank Duo Avios","PAYMENT RECEIVED - THANK YOU",1.00,"Transfer from other account","Credit card payment"
09/12/2013,"Classic","SBY SHOREDITCH CD 7511 08DEC13",-20.00,"Household","Supermarket"
09/12/2013,"Classic","MINI CAB CD 7511",-18.50,"Untagged","Untagged"
09/12/2013,"Classic","SAINSBURYS S/MKTS CD 7511",-5.00,"Household","Supermarket"
09/12/2013,"Classic","BALTIC RESTAURANT CD 7511",-11.48,"Going Out","Dining and drinking"
09/12/2013,"Classic","MOORFIELDS PHARMAC CD 7511",-7.85,"Untagged","Untagged"
06/12/2013,"Classic","SPRING PHARMACY LT CD 7511",-17.56,"Personal care","Toiletries"
06/12/2013,"Classic","MOORFIELDS PHARMAC CD 7511",-23.55,"Untagged","Untagged"
06/12/2013,"Classic","LNK BARRYS FOOD AN CD 7511 06DEC13",-20.00,"Lifestyle","Cash"
06/12/2013,"Classic","MINI CAB CD 7511",-13.00,"Untagged","Untagged"
06/12/2013,"Classic","ICELAND 550 CD 7511",-12.10,"Household","Groceries"
05/12/2013,"Classic","ICELAND 550 CD 7511",-23.25,"Household","Groceries"
05/12/2013,"Classic","LNK MOORFIELDS EYE CD 7511 05DEC13",-10.00,"Lifestyle","Cash"
05/12/2013,"Classic","TSURU B LTD CD 7511",-6.40,"Untagged","Untagged"
04/12/2013,"Classic","VOUCHER EXPRESS CD 7511",-105.50,"Untagged","Untagged"
04/12/2013,"Classic","PAYPAL *FYVIESTARF CD 7511",-12.60,"Untagged","Untagged"
04/12/2013,"Classic","PAYPAL *BUYSEND.CO CD 7511",-14.32,"Untagged","Untagged"
03/12/2013,"Classic","MOORFIELDS PHARMAC CD 7511",-23.55,"Untagged","Untagged"
03/12/2013,"Classic","SAINSBURYS S/MKTS CD 7511",-13.78,"Household","Supermarket"
02/12/2013,"Classic","FITNESS FIRST CLUB BRG001585720",-45.95,"Hobbies & Sports","Gym Membership"
02/12/2013,"Classic","ICELAND 550 CD 7511",-22.50,"Household","Groceries"
02/12/2013,"Classic","LUL TICKET MACHINE CD 7511",-10.00,"Transport","Public transport"
02/12/2013,"Classic","O/D USAGE FEE",-6.00,"Financial","Bank charges"
02/12/2013,"Classic","O/DRAFT INTEREST",-9.37,"Financial","Interest charges"
02/12/2013,"Classic","VITAL INGREDIENT CD 7511",-6.90,"Going Out","Dining and drinking"
02/12/2013,"Classic","SAINSBURYS S/MKTS CD 7511",-22.24,"Household","Supermarket"
02/12/2013,"Classic","RAVELLO CD 7511",-56.25,"Untagged","Untagged"
02/12/2013,"Lloyds Bank Duo Avios","O2 AGE CHK O2 18 +AGE CH GBR",-1.00,"Household","Mobile"
29/11/2013,"Classic","MARKS & SPENCER SS CD 7511",-5.34,"Household","Groceries"
29/11/2013,"Classic","PRINCE ALBERT CD 7511",-12.45,"Untagged","Untagged"
28/11/2013,"Classic","THE CRAFT BEER COM CD 7511",-17.50,"Untagged","Untagged"
27/11/2013,"Classic","NANDOS MIDDLESEX S CD 7511",-13.85,"Going Out","Dining and drinking"
27/11/2013,"Classic","TESCO STORES 6248 CD 7511",-12.92,"Household","Supermarket"
27/11/2013,"Lloyds Bank Duo Avios","PAYMENT RECEIVED - THANK YOU",583.40,"Transfer from other account","Credit card payment"
26/11/2013,"Classic","VALI ESTATES LTD xxxxxxxxxxxxxx1918 26NOV13 19:01",-736.67,"Untagged","Untagged"
26/11/2013,"Classic","LTSB DUO xxxxxxxxxxxxxx2457 26NOV13 19:02",-583.40,"Untagged","Untagged"
26/11/2013,"Classic","HAWES & CURTIS CD 7511",-124.65,"Untagged","Untagged"
26/11/2013,"Classic","THE CAPITAL MARKET xxxxxxxxxxxxxxxx xxxxxxxxxxxxxx1501",1899.52,"Employment","Salary (main)"
26/11/2013,"Classic","GTS INFLIGHT SHOP CD 7511",-20.00,"Untagged","Untagged"
22/11/2013,"Classic","BRIDGE BAR CD 7511",-6.25,"Going Out","Dining and drinking"
22/11/2013,"Classic","EC MAINLINE CO SST CD 7511",-12.55,"Transport","Public transport"
22/11/2013,"Classic","SAINSBURYS S/MKTS CD 7511",-1.59,"Household","Supermarket"
22/11/2013,"Classic","TESCO MOBILE 330013198456A-0019",-12.50,"Household","Mobile"
21/11/2013,"Classic","POD CD 7511",-5.99,"Untagged","Untagged"
21/11/2013,"Classic","CHARLES WOOD xxxxxxxxxxxxxx6880 21NOV13 19:12",-300.00,"Untagged","Untagged"
21/11/2013,"Classic","LNK SOUTHAMPTON RO CD 7511 21NOV13",-220.00,"Lifestyle","Cash"
21/11/2013,"Classic","LNK BARRYS FOOD AN CD 7511 21NOV13",-20.00,"Lifestyle","Cash"
21/11/2013,"Classic","TESCO STORE2097 CD 7511",-5.92,"Household","Supermarket"
20/11/2013,"Classic","ICELAND 550 CD 7511",-11.40,"Household","Groceries"
19/11/2013,"Classic","BOOTS,0803 CD 7511",-22.64,"Personal care","Toiletries"
19/11/2013,"Classic","BOOTS,0803 CD 7511",-4.89,"Personal care","Toiletries"
19/11/2013,"Lloyds Bank Duo Avios","RYANAIR LTD AIRLINE DUBLIN 372",-583.40,"Transport","Flights"
18/11/2013,"Classic","GALLIPOLI CAFE LTD CD 7511",-30.90,"Lifestyle","Snacks / Refreshments"
18/11/2013,"Classic","ICELAND 550 CD 7511",-26.00,"Household","Groceries"
18/11/2013,"Classic","TK MAXX CD 7511",-79.99,"Clothing","Clothes"
18/11/2013,"Classic","SAINSBURYS S/MKTS CD 7511",-3.44,"Household","Supermarket"
18/11/2013,"Classic","SAINSBURYS xx0000 CD 7511",-20.87,"Household","Supermarket"
18/11/2013,"Classic","ICELAND 550 CD 7511",-10.50,"Household","Groceries"
15/11/2013,"Classic","LNK BARRYS FOOD AN CD 7511 15NOV13",-10.00,"Lifestyle","Cash"
15/11/2013,"Classic","ROSEMARY BRANCH CD 7511",-15.80,"Untagged","Untagged"
14/11/2013,"Classic","ICELAND 550 CD 7511",-13.00,"Household","Groceries"
14/11/2013,"Classic","TESCO STORE2097 CD 7511",-4.00,"Household","Supermarket"
13/11/2013,"Classic","ICELAND 550 CD 7511",-24.65,"Household","Groceries"
12/11/2013,"Classic","MARKS & SPENCER SS CD 7511",-1.69,"Household","Groceries"
12/11/2013,"Classic","PAVILLION CD 7511",-5.50,"Untagged","Untagged"
11/11/2013,"Classic","ICELAND 550 CD 7511",-30.33,"Household","Groceries"
11/11/2013,"Classic","DVLA - ENF CD 7511",-98.75,"Transport","Vehicle tax"
11/11/2013,"Classic","LNK N/RAIL LIVERPL CD 7511 11NOV13",-10.00,"Lifestyle","Cash"
11/11/2013,"Classic","MARKS & SPENCER SS CD 7511",-4.00,"Household","Groceries"
08/11/2013,"Classic","MARKS & SPENCER SS CD 7511",-10.15,"Household","Groceries"
08/11/2013,"Classic","MR G L E BRINDLEY xxxxxxxxxxxxxx3373 08NOV13 10:21",-73.00,"Untagged","Untagged"
07/11/2013,"Classic","LNK BARRYS FOOD AN CD 7511 07NOV13",-20.00,"Lifestyle","Cash"
07/11/2013,"Classic","OYSTER BUS AUTOTOP CD 7511",-20.00,"Transport","Public transport"
07/11/2013,"Classic","DHAANYA CD 7511",-11.15,"Untagged","Untagged"
06/11/2013,"Classic","BAR NIGHTJAR CD 7511",-11.25,"Going Out","Dining and drinking"
06/11/2013,"Classic","TESCO STORES 5501 CD 7511",-6.26,"Household","Supermarket"
06/11/2013,"Classic","ROSEMARY BRANCH CD 7511",-8.00,"Untagged","Untagged"
05/11/2013,"Classic","LAPTOP CHARGER DIR CD 7511",-20.99,"Untagged","Untagged"
05/11/2013,"Classic","FITNESS FIRST CD 7511",-34.55,"Hobbies & Sports","Gym Membership"
05/11/2013,"Classic","SALAD EXPRESS LIMI CD 7511",-5.75,"Untagged","Untagged"
05/11/2013,"Classic","MARKS & SPENCER SS CD 7511",-6.05,"Household","Groceries"
04/11/2013,"Classic","BARGAIN WORLD (HOX CD 7511",-11.99,"Household","Broadband"
04/11/2013,"Classic","ICELAND 550 CD 7511",-33.55,"Household","Groceries"
04/11/2013,"Classic","CD 7511 02NOV13 02NOV13",410.00,"Miscellaneous","Gift"
04/11/2013,"Classic","LTSB DUO xxxxxxxxxxxxxx0779 03NOV13 18:30",-434.39,"Credit Repayment","Credit card repayment"
04/11/2013,"Classic","LNK BARRYS FOOD AN CD 7511 02NOV13",-20.00,"Lifestyle","Cash"
04/11/2013,"Lloyds Bank Duo Avios","PAYMENT RECEIVED - THANK YOU",434.39,"Transfer from other account","Credit card payment"
01/11/2013,"Classic","O/D USAGE FEE",-6.00,"Financial","Bank charges"
01/11/2013,"Classic","O/DRAFT INTEREST",-24.33,"Financial","Interest charges"
31/10/2013,"Classic","SPRING PHARMACY LT CD 7511",-6.06,"Personal care","Toiletries"
31/10/2013,"Classic","GOLJAN M RENT NOVEMBER RP4679966009384900",300.00,"Property","Rental income (whole property)"
30/10/2013,"Classic","HOSTEL WORLD CD 7511",-11.37,"Going Out","Hotel/B&B"
30/10/2013,"Classic","PRET A MANAGER CD 7511",-3.00,"Lifestyle","Snacks / Refreshments"
30/10/2013,"Classic","ICELAND 550 CD 7511",-10.45,"Household","Groceries"
29/10/2013,"Classic","ICELAND 550 CD 7511",-8.00,"Household","Groceries"
29/10/2013,"Classic","THE CAPITAL MARKET xxxxxxxxxxxxxxxx xxxxxxxxxxxxxx3601",1899.52,"Employment","Salary (main)"
29/10/2013,"Classic","CILANTRO CAFE CD 7511",-4.95,"Lifestyle","Snacks / Refreshments"
28/10/2013,"Classic","SAINSBURYS S/MKTS CD 7511",-11.55,"Household","Supermarket"
28/10/2013,"Classic","ICELAND 550 CD 7511",-26.75,"Household","Groceries"
28/10/2013,"Classic","PROUD CABARET CAMD CD 7511",-24.90,"Untagged","Untagged"
28/10/2013,"Classic","NANDOS MIDDLESEX S CD 7511",-18.65,"Going Out","Dining and drinking"
28/10/2013,"Classic","VALI ESTATES LTD xxxxxxxxxxxxxx5846 28OCT13 16:07",-736.67,"Household","Rent"
28/10/2013,"Classic","PROUD CABARET CAMD CD 7511",-9.60,"Untagged","Untagged"
28/10/2013,"Classic","QUEEN OF HOXTON CD 7511",-29.40,"Untagged","Untagged"
25/10/2013,"Classic","TESCO STORES 6545 CD 7511",-10.81,"Household","Supermarket"
23/10/2013,"Classic","WHITE HORSE CD 7511",-12.03,"Going Out","Dining and drinking"
23/10/2013,"Classic","ALADIN CD 7511",-14.00,"Untagged","Untagged"
23/10/2013,"Classic","WHITE HORSE CD 7511",-3.79,"Going Out","Dining and drinking"
23/10/2013,"Classic","POD CD 7511",-5.99,"Untagged","Untagged"
22/10/2013,"Classic","SALAD EXPRESS LIMI CD 7511",-8.05,"Untagged","Untagged"
22/10/2013,"Classic","GAP/GAPKIDS/BABYGA CD 7511",-18.98,"Clothing","Clothes"
22/10/2013,"Classic","TESCO MOBILE 330013198456A-0018",-12.70,"Household","Mobile"
22/10/2013,"Lloyds Bank Duo Avios","VIRGIN ATLANTIC.COM CRAWLEY 826",-435.08,"Untagged","Untagged"
21/10/2013,"Classic","BALTIC RESTAURANT CD 7511",-52.65,"Going Out","Dining and drinking"
21/10/2013,"Classic","COACH & HORSES CD 7511",-39.50,"Untagged","Untagged"
21/10/2013,"Classic","ICELAND 550 CD 7511",-30.25,"Household","Groceries"
21/10/2013,"Classic","CHARLES WOOD xxxxxxxxxxxxxx6606 19OCT13 14:37",-10.00,"Untagged","Untagged"
21/10/2013,"Classic","SCARLET CD 7511",-6.95,"Untagged","Untagged"
21/10/2013,"Classic","LTSB DUO xxxxxxxxxxxxxx6677 19OCT13 14:39",-4.00,"Credit Repayment","Credit card repayment"
21/10/2013,"Lloyds Bank Duo Avios","PAYMENT RECEIVED - THANK YOU",4.00,"Transfer from other account","Credit card payment"
21/10/2013,"WOOD C STU/2008","C WOOD , TRANSFER 2 NATWEST, FP 19/10/13 1437 , xxxxxxxxxxxxxxxx06 - BAC",10.00,"Untagged","Untagged"
18/10/2013,"Classic","HOWL AT THE MOON CD 7511",-15.30,"Untagged","Untagged"
18/10/2013,"Classic","PAPA JOHN'S PIZZA CD 7511",-18.99,"Going Out","Dining and drinking"
18/10/2013,"Classic","THE REAL GREEK CD 7511",-6.00,"Untagged","Untagged"
17/10/2013,"Classic","LNK MIEKO LTD CD 7511 17OCT13",-30.00,"Lifestyle","Cash"
17/10/2013,"Classic","OYSTER BUS AUTOTOP CD 7511",-20.00,"Transport","Public transport"
16/10/2013,"Classic","SALAD EXPRESS LIMI CD 7511",-10.00,"Untagged","Untagged"
15/10/2013,"Classic","LNK BARRYS FOOD AN CD 7511 15OCT13",-20.00,"Lifestyle","Cash"
15/10/2013,"Classic","WELCOME B/WHS CD 7511",-2.39,"Untagged","Untagged"
15/10/2013,"Classic","WELCOME B/EAT IN CD 7511",-6.99,"Untagged","Untagged"
14/10/2013,"Classic","THE BOOK CLUB CD 7511",-10.00,"Untagged","Untagged"
14/10/2013,"Classic","YORK CD 7511",-16.65,"Untagged","Untagged"
14/10/2013,"Classic","APPLE ITUNES STORE CD 7511",-0.69,"Lifestyle","Mobile app"
14/10/2013,"Classic","PICSOLVE INTRNATIO CD 7511",-10.00,"Untagged","Untagged"
14/10/2013,"Classic","ALTON TOWERS /ENT CD 7511",-2.00,"Untagged","Untagged"
10/10/2013,"Classic","ICELAND 550 CD 7511",-35.40,"Household","Groceries"
10/10/2013,"Classic","TESCO STORES-2097 CD 7511",-1.09,"Household","Supermarket"
10/10/2013,"Classic","MAD WORLD CD 7511",-32.00,"Untagged","Untagged"
09/10/2013,"Classic","SALAD EXPRESS LIMI CD 7511",-8.95,"Untagged","Untagged"
09/10/2013,"Classic","WELCOME BREAK STAR CD 7511",-6.90,"Going Out","Hotel/B&B"
08/10/2013,"Classic","WELCOME BREAK KFC CD 7511",-5.54,"Going Out","Dining and drinking"
08/10/2013,"Classic","SELFSERVE TICKET CD 7511",-3.70,"Transport","Public transport"
08/10/2013,"Classic","BOOTS,0803 CD 7511",-22.66,"Personal care","Toiletries"
07/10/2013,"Classic","WH SMITH CD 7511",-11.28,"Lifestyle","Books / Magazines / Newspapers"
07/10/2013,"Classic","BACCHUS PUB CD 7511",-35.80,"Untagged","Untagged"
07/10/2013,"Classic","HAWES & CURTIS CD 7511",-57.39,"Untagged","Untagged"
07/10/2013,"Classic","GREATER ANGLIA T/O CD 7511",-11.90,"Transport","Public transport"
07/10/2013,"Classic","ZARA STRATFORD CD 7511",75.98,"Untagged","Untagged"
07/10/2013,"Classic","LNK N/RAIL WATERLO CD 7511 05OCT13",-40.00,"Lifestyle","Cash"
07/10/2013,"Classic","BACCHUS PUB CD 7511",-18.00,"Untagged","Untagged"
07/10/2013,"Classic","DIRTY MARTINI - BI CD 7511",-17.25,"Untagged","Untagged"
04/10/2013,"Classic","ICELAND 550 CD 7511",-28.25,"Household","Groceries"
03/10/2013,"Classic","POD CD 7511",-5.99,"Untagged","Untagged"
03/10/2013,"Classic","LNK PO 101 HOXTON CD 7511 03OCT13",-20.00,"Lifestyle","Cash"
03/10/2013,"Classic","MARKS & SPENCER SS CD 7511",-4.94,"Household","Groceries"
02/10/2013,"Classic","SALAD EXPRESS LIMI CD 7511",-5.75,"Untagged","Untagged"
01/10/2013,"Classic","O/D USAGE FEE",-6.00,"Financial","Bank charges"
01/10/2013,"Classic","ODEON CD 7511",-11.23,"Going Out","Cinema"
01/10/2013,"Classic","O/DRAFT INTEREST",-6.40,"Financial","Interest charges"
30/09/2013,"Classic","PAYPAL *LAPTOPPOWE CD 7511",-47.99,"Untagged","Untagged"
30/09/2013,"Classic","ZARA PARK HOUSE CD 7511",-75.98,"Clothing","Clothes"
30/09/2013,"Classic","H&M ISLINGTON CD 7511",-23.18,"Clothing","Clothes"
30/09/2013,"Classic","GAP/GAPKIDS/BABYGA CD 7511",-63.92,"Clothing","Clothes"
30/09/2013,"Classic","RB CD 7511",-22.00,"Untagged","Untagged"
30/09/2013,"Classic","RB CD 7511",-22.00,"Untagged","Untagged"
30/09/2013,"Classic","587 TRONC",35.30,"Untagged","Untagged"
30/09/2013,"Classic","LNK CLAPHAM CD 7511 29SEP13",-10.00,"Lifestyle","Cash"
30/09/2013,"Classic","LNK BARRYS FOOD AN CD 7511 29SEP13",-20.00,"Lifestyle","Cash"
30/09/2013,"Classic","WHITE HORSE CD 7511",-13.52,"Going Out","Dining and drinking"
30/09/2013,"Classic","WHITE HORSE CD 7511",-13.52,"Going Out","Dining and drinking"
30/09/2013,"Classic","WHITE HORSE CD 7511",-7.58,"Going Out","Dining and drinking"
30/09/2013,"Classic","WHITE HORSE CD 7511",-8.83,"Going Out","Dining and drinking"
30/09/2013,"Classic","MARKS & SPENCER CD 7511",-12.00,"Household","Groceries"
27/09/2013,"Classic","ICELAND 550 CD 7511",-48.50,"Household","Groceries"
27/09/2013,"Classic","MARKS & SPENCER SS CD 7511",-5.90,"Household","Groceries"
27/09/2013,"Classic","POD CD 7511",-5.99,"Untagged","Untagged"
26/09/2013,"Classic","MR C D WELLS xxxxxxxxxxxxxx0270 26SEP13 16:27",-200.00,"Untagged","Untagged"
26/09/2013,"Classic","VALI ESTATES LTD xxxxxxxxxxxxxx3607 26SEP13 16:33",-736.67,"Household","Rent"
26/09/2013,"Classic","THE CAPITAL MARKET xxxxxxxxxxxxxxxx xxxxxxxxxxxxxx3001",0.01,"Employment","Salary (main)"
26/09/2013,"Classic","LTSB DUO xxxxxxxxxxxxxx8593 26SEP13 16:08",-998.26,"Untagged","Untagged"
26/09/2013,"Classic","THE CAPITAL MARKET xxxxxxxxxxxxxxxx xxxxxxxxxxxxxx3001",1899.00,"Employment","Salary (main)"
26/09/2013,"Classic","THE CAPITAL MARKET xxxxxxxxxxxxxxxx xxxxxxxxxxxxxx3001",1600.00,"Employment","Bonus"
26/09/2013,"Classic","THE CAPITAL MARKET xxxxxxxxxxxxxxxx xxxxxxxxxxxxxx3001",728.16,"Employment","Salary (main)"
25/09/2013,"Classic","GOLJAN M RENT OCTOBER RP4679964516682900",290.00,"Property","Rental income (whole property)"
23/09/2013,"Classic","FINSTEAD PHARMACY CD 7511",-8.77,"Personal care","Toiletries"
23/09/2013,"Classic","MILLENIUM BARS LTD CD 7511",-80.00,"Untagged","Untagged"
23/09/2013,"Classic","BE AT ONE CD 7511",-9.00,"Untagged","Untagged"
23/09/2013,"Classic","TESCO MOBILE 330013198456A-0017",-21.16,"Household","Mobile"
23/09/2013,"Classic","ICELAND 550 CD 7511",-8.50,"Household","Groceries"
23/09/2013,"Classic","TESCO STORE2097 CD 7511",-6.26,"Household","Supermarket"
20/09/2013,"Classic","LNK BARRYS FOOD AN CD 7511 20SEP13",-20.00,"Lifestyle","Cash"
20/09/2013,"Classic","PRET A MANAGER CD 7511",-7.24,"Lifestyle","Snacks / Refreshments"
20/09/2013,"Classic","ICELAND 550 CD 7511",-32.10,"Household","Groceries"
19/09/2013,"Classic","TESCO STORES-2097 CD 7511",-9.24,"Household","Supermarket"
17/09/2013,"Classic","LNK BARRYS FOOD AN CD 7511 17SEP13",-10.00,"Lifestyle","Cash"
17/09/2013,"Classic","BACCHUS PUB (GPRS) CD 7511",-79.20,"Untagged","Untagged"
16/09/2013,"Classic","ARGOS LTD CD 7511",-19.99,"Untagged","Untagged"
16/09/2013,"Classic","ARGOS LTD CD 7511",19.99,"Untagged","Untagged"
16/09/2013,"Classic","APPLE ITUNES STORE CD 7511",-2.49,"Lifestyle","Mobile app"
13/09/2013,"Classic","ARGOS LTD CD 7511",-19.99,"Untagged","Untagged"
13/09/2013,"Classic","ICELAND 550 CD 7511",-38.40,"Household","Groceries"
13/09/2013,"Classic","LNK BARRYS FOOD AN CD 7511 13SEP13",-50.00,"Lifestyle","Cash"
13/09/2013,"Classic","SAINSBURYS S/MKTS CD 7511",-4.85,"Household","Supermarket"
12/09/2013,"Classic","LTSB DUO xxxxxxxxxxxxxx4949 12SEP13 08:14",-125.00,"Untagged","Untagged"
11/09/2013,"Classic","CO-OP GROUP xx0789 CD 7511",-25.95,"Household","Groceries"
10/09/2013,"Classic","BAVARIAN BEERHOUSE CD 7511",-13.33,"Untagged","Untagged"
10/09/2013,"Classic","MARKS & SPENCER SS CD 7511",-7.34,"Household","Groceries"
09/09/2013,"Classic","WEST COAST TRAINS CD 7511",-62.70,"Transport","Public transport"
09/09/2013,"Classic","TIE RACK CD 7511",-10.99,"Untagged","Untagged"
06/09/2013,"Classic","SAINSBURYS S/MKTS CD 7511",-15.05,"Household","Supermarket"
06/09/2013,"Classic","LNK PO 101 HOXTON CD 7511 06SEP13",-20.00,"Lifestyle","Cash"
06/09/2013,"Classic","ARGOS LTD CD 7511",-19.99,"Untagged","Untagged"
06/09/2013,"Classic","LNK BARRYS FOOD AN CD 7511 06SEP13",-20.00,"Lifestyle","Cash"
06/09/2013,"Classic","ICELAND 550 CD 7511",-4.75,"Household","Groceries"
06/09/2013,"Classic","LNK 128 MOORGATE 3 CD 7511 06SEP13",-20.00,"Lifestyle","Cash"
05/09/2013,"Classic","WHITE HORSE CD 7511",-10.08,"Going Out","Dining and drinking"
05/09/2013,"Classic","THE OLD BLUE LAST CD 7511",-11.20,"Untagged","Untagged"
05/09/2013,"Classic","WWW.ASOS.COM CD 7511",34.20,"Untagged","Untagged"
05/09/2013,"Classic","TESCO STORES 6545 CD 7511",-3.40,"Household","Supermarket"
05/09/2013,"Classic","OYSTER BUS AUTOTOP CD 7511",-20.00,"Transport","Public transport"
04/09/2013,"Classic","GREATER ANGLIA T/O CD 7511",-11.90,"Transport","Public transport"
04/09/2013,"Classic","BOOTS 2012 CD 7511",-26.98,"Personal care","Toiletries"
04/09/2013,"Classic","TSURU B LTD CD 7511",-8.40,"Untagged","Untagged"
04/09/2013,"Classic","TESCO STORES 6248 CD 7511",-10.45,"Household","Supermarket"
04/09/2013,"Classic","ZARA STRATFORD CD 7511",-10.00,"Clothing","Clothes"
03/09/2013,"Classic","CO-OP GROUP xx0789 CD 7511",-22.53,"Household","Groceries"
03/09/2013,"Classic","RAIL GOURMET UK CD 7511",-6.60,"Untagged","Untagged"
03/09/2013,"Classic","OYSTER BUS AUTOSET CD 7511",-20.00,"Transport","Public transport"
02/09/2013,"Classic","SELFSERVE TICKET CD 7511",-11.50,"Transport","Public transport"
02/09/2013,"Classic","T K MAXX LTD CD 7511",-47.96,"Clothing","Clothes"
02/09/2013,"Classic","O/D USAGE FEE",-6.00,"Financial","Bank charges"
02/09/2013,"Classic","SAINSBURYS S/MKTS CD 7511",-18.72,"Household","Supermarket"
02/09/2013,"Classic","O/DRAFT INTEREST",-1.79,"Financial","Interest charges"
02/09/2013,"Classic","SELFSERVE TICKET CD 7511",-54.30,"Transport","Public transport"
02/09/2013,"Classic","MYTIME ACTIVE CD 7511",-7.80,"Untagged","Untagged"
02/09/2013,"Classic","DOMINOS PIZZA (SAL CD 7511",-12.49,"Going Out","Dining and drinking"
02/09/2013,"Classic","THE HAUNCH OF VENI CD 7511",-10.70,"Untagged","Untagged"
02/09/2013,"Classic","SELFSERVE TICKET CD 7511",-11.50,"Transport","Public transport"
30/08/2013,"Classic","GREATER ANGLIA CD 7511",-33.00,"Transport","Public transport"
30/08/2013,"Classic","MINI CAB CD 7511",-13.00,"Untagged","Untagged"
30/08/2013,"Classic","LNK SOUTHAMPTON CE CD 7511 30AUG13",-10.00,"Lifestyle","Cash"
30/08/2013,"Classic","ANH DAO RESTAURANT CD 7511",-50.00,"Going Out","Dining and drinking"
30/08/2013,"Classic","SELFSERVE TICKET CD 7511",-30.25,"Transport","Public transport"
30/08/2013,"Classic","587 TRONC",108.17,"Untagged","Untagged"
30/08/2013,"Classic","POD CD 7511",-12.98,"Untagged","Untagged"
30/08/2013,"Classic","ICELAND 550 CD 7511",-12.25,"Household","Groceries"
29/08/2013,"Classic","LNK HACKNEY COLLEG CD 7511 29AUG13",-20.00,"Lifestyle","Cash"
29/08/2013,"Classic","BEAGLE CD 7511",-4.00,"Untagged","Untagged"
29/08/2013,"Classic","WWW.ASOS.COM CD 7511",-40.15,"Clothing","Clothes"
28/08/2013,"Classic","THE REAL GREEK CD 7511",-6.00,"Untagged","Untagged"
28/08/2013,"Classic","HMV UK LTD CD 7511",-9.99,"Lifestyle","Lifestyle - other"
28/08/2013,"Classic","JOHN SALT CD 7511",-4.50,"Untagged","Untagged"
28/08/2013,"Classic","BOOTS 1103 CD 7511",-5.00,"Personal care","Toiletries"
27/08/2013,"Classic","MARKS & SPENCER SS CD 7511",-7.90,"Household","Groceries"
27/08/2013,"Classic","CALLOOH CALLAY BAR CD 7511",-20.50,"Going Out","Dining and drinking"
27/08/2013,"Classic","POD CD 7511",-6.99,"Untagged","Untagged"
27/08/2013,"Classic","WHITE HORSE CD 7511",-15.12,"Going Out","Dining and drinking"
27/08/2013,"Classic","THE OLD BLUE LAST CD 7511",-18.20,"Untagged","Untagged"
27/08/2013,"Classic","WWW.ASOS.COM CD 7511",-42.15,"Clothing","Clothes"
27/08/2013,"Classic","ZARA BOND STREET CD 7511",-49.99,"Clothing","Clothes"
27/08/2013,"Classic","THE OLD BLUE LAST CD 7511",-15.80,"Untagged","Untagged"
27/08/2013,"Classic","TESCO STORES 5089 CD 7511",-55.49,"Household","Supermarket"
27/08/2013,"Classic","LTSB BROCKENHURST CD 7511 24AUG13",-20.00,"Lifestyle","Cash"
27/08/2013,"Classic","VALI ESTATES LTD xxxxxxxxxxxxxx3391 26AUG13 14:57",-736.67,"Household","Rent"
27/08/2013,"Classic","SBY SHOREDITCH CD 7511 24AUG13",-10.00,"Household","Supermarket"
27/08/2013,"Classic","LNK N/RAIL WATERLO CD 7511 24AUG13",-10.00,"Lifestyle","Cash"
27/08/2013,"Classic","WHITE HORSE CD 7511",-4.15,"Going Out","Dining and drinking"
27/08/2013,"Classic","WHITE HORSE CD 7511",-4.15,"Going Out","Dining and drinking"
27/08/2013,"Classic","LTSB DUO xxxxxxxxxxxxxx3649 26AUG13 15:04",-25.00,"Untagged","Untagged"
27/08/2013,"Classic","LNK BARRYS FOOD AN CD 7511 26AUG13",-20.00,"Lifestyle","Cash"
27/08/2013,"Classic","CHARLES WOOD xxxxxxxxxxxxxx0788 26AUG13 15:05",-10.00,"Untagged","Untagged"
27/08/2013,"WOOD C STU/2008","C WOOD , TRANSFER 2 NATWEST, FP 26/08/13 1505 , xxxxxxxxxxxxxxxx88 - BAC",10.00,"Untagged","Untagged"
23/08/2013,"Classic","587 LTD",162.72,"Untagged","Untagged"
22/08/2013,"Classic","ICELAND 550 CD 7511",-24.00,"Household","Groceries"
22/08/2013,"Classic","ARGOS LTD CD 7511",-44.98,"Untagged","Untagged"
22/08/2013,"Classic","BOOTS 1103 CD 7511",-4.25,"Personal care","Toiletries"
22/08/2013,"Classic","TESCO MOBILE 330013198456A-0016",-13.38,"Household","Mobile"
21/08/2013,"Classic","QUEEN OF HOXTON CD 7511",-11.00,"Untagged","Untagged"
21/08/2013,"Classic","MARKS & SPENCER SS CD 7511",-5.79,"Household","Groceries"
21/08/2013,"Classic","LENA CD 7511",-10.00,"Untagged","Untagged"
20/08/2013,"Classic","ASDA PETROL/UPT CD 7511",-40.00,"Transport","Fuel"
19/08/2013,"Classic","TESCO STORES 5501 CD 7511",-3.71,"Household","Supermarket"
19/08/2013,"Classic","SAINSBURYS S/MKTS CD 7511",-2.71,"Household","Supermarket"
19/08/2013,"Classic","TEDS GROOMINING RM CD 7511",-24.50,"Untagged","Untagged"
19/08/2013,"Classic","ICELAND 550 CD 7511",-13.69,"Household","Groceries"
19/08/2013,"Classic","JAMES DRAYCOTT CORNWALL 18AUG13",-30.00,"Untagged","Untagged"
19/08/2013,"Classic","HFX TOTTENHAM CRD CD 7511 18AUG13",-20.00,"Lifestyle","Cash"
19/08/2013,"Classic","ICELAND 550 CD 7511",-41.75,"Household","Groceries"
19/08/2013,"Classic","SBY SHOREDITCH CD 7511 18AUG13",-10.00,"Household","Supermarket"
19/08/2013,"Classic","M&S SIMPLY FOOD CD 7511",-7.84,"Household","Groceries"
16/08/2013,"Classic","PORTHCURNO TELE CD 7511",-12.40,"Untagged","Untagged"
16/08/2013,"Classic","587 LTD",162.72,"Untagged","Untagged"
14/08/2013,"Classic","THE HOUSEL BAY HOT CD 7511",-13.55,"Untagged","Untagged"
14/08/2013,"Classic","TESCO STORES 6264 CD 7511",-22.55,"Household","Supermarket"
14/08/2013,"Classic","LNK ASDA FALMOUTH CD 7511 14AUG13",-10.00,"Lifestyle","Cash"
14/08/2013,"Classic","THE TOP HOUSE CD 7511",-10.50,"Untagged","Untagged"
13/08/2013,"Classic","TESCO STORES 3089 CD 7511",-8.75,"Household","Supermarket"
13/08/2013,"Classic","W M MORRISONS CD 7511",-11.13,"Household","Supermarket"
13/08/2013,"Classic","LNK TESCO HELSTON CD 7511 13AUG13",-50.00,"Lifestyle","Cash"
13/08/2013,"Classic","ESSO WIMBORNE SSTN CD 7511",-6.18,"Transport","Fuel"
12/08/2013,"Classic","DECATHLON CD 7511",-13.98,"Clothing","Clothes - other"
12/08/2013,"Classic","LONDON OVERGROUND CD 7511",-5.00,"Transport","Public transport"
12/08/2013,"Classic","SELFSERVE TICKET CD 7511",-30.25,"Transport","Public transport"
09/08/2013,"Classic","OYSTER AUTOTOPUP CD 5239",-20.00,"Transport","Public transport"
09/08/2013,"Classic","JOHN SALT CD 7511",-4.10,"Untagged","Untagged"
09/08/2013,"Classic","587 LTD",240.91,"Untagged","Untagged"
09/08/2013,"Classic","MARTA GOLJAN xxxxxxxxxxxxxx0708 09AUG13 10:38",-41.30,"Untagged","Untagged"
09/08/2013,"Classic","LNK GREEN STREET CD 7511 09AUG13",-30.00,"Lifestyle","Cash"
